SLF943,CompID,cntr_id,line_num,po_num / Ref#,itm_Num,itm_color,itm_size,itm_name,itm_qty,ctn_qty,ctns,L,W,H,Ctn_cube,ctn_wgt,ENTRY-DT,ETA-DT,SUPPLIER,Hdr-Note,Dtl-Note
SLF943,QUEST,309295461,1,,IJ17-BEAD-BLK,ACD,6PK,ACADEMY-IJOY BEAD WIRELESS SPEAKER,6,6,1,,,,3,3,11/15/2019,11/15/2019,,,
SLF943,QUEST,309295461,2,,IJ17-DMNSP-LGR,-,-,IJOY SOUL SPEAKER - PACKED 0/12 ,12,12,1,,,,3,5,11/15/2019,11/15/2019,,,
SLF943,QUEST,309295461,3,,IJ17-HRSP-ATL-GN,GREEN,12PK,IJOY GREEN ATLANTIC WIRELSS SPEAKERS. PACKED 12/BOX,24,12,2,,,,3,5,11/15/2019,11/15/2019,,,
SLF943,QUEST,309295461,4,,IJ17-HRSP-ATL-GY,GREY,12PK,IJOY GREY ATLANTIC WIRELSS SPEAKERS. PACKED 12/BOX,6,6,1,,,,3,5,11/15/2019,11/15/2019,,,
SLF943,QUEST,309295461,5,,IJ17-HRSP-ATL-NV,NAVY,12PK,IJOY NAVY ATLANTIC WIRELSS SPEAKERS. PACKED 12/BOX,6,6,1,,,,3,5,11/15/2019,11/15/2019,,,
SLF943,QUEST,309295461,6,,IJ17-HRSP-ATL-RD,INV,-,INVENTORY-ATLANTIC BT SPEAKER - PACKED 6/12 - COLOR RED,6,6,1,,,,3,5,11/15/2019,11/15/2019,,,
SLF943,QUEST,309295461,7,,IJ17-HRSP-BNT-BG,-,-,IJOY BEIGE PINK NOTE WIRELESS SPEAKER,12,6,2,,,,3,5,11/15/2019,11/15/2019,,,
SLF943,QUEST,309295461,8,,IJ17-HRSP-BNT-GY,-,-,IJOY GREY NOTE WIRELESS SPEAKER,12,6,2,,,,3,5,11/15/2019,11/15/2019,,,
SLF943,QUEST,309295461,9,,IJ17-HRSP-EDS-GN,-,-,INVENTORY- SPEAKER - PACKED 6/12 ,24,12,2,,,,3,5,11/15/2019,11/15/2019,,,
SLF943,QUEST,309295461,10,,IJ17-HRSP-EDS-RD,-,-,INVENTORY- SPEAKER - PACKED 6/12 ,6,6,1,,,,3,5,11/15/2019,11/15/2019,,,
SLF943,QUEST,309295461,11,,IJ17-LLFS-WT,-,-,ACADEMY IJOY LLFS WIRELESS OVER EAR HEADSETS WHITE ,3,3,1,,,,3,5,11/15/2019,11/15/2019,,,
SLF943,QUEST,309295461,12,,IJ-ACTTR-BLK-6PK,-,-,IJOY ACTIVITY TRACKER FOR KIDS - 6PK - COLOR BLACK,90,6,15,,,,3,5,11/15/2019,11/15/2019,,,
SLF943,QUEST,309295461,13,,IJ-ACTTR-BLK-6PK,-,-,IJOY ACTIVITY TRACKER FOR KIDS - 6PK - COLOR BLACK,6,3,2,,,,3,5,11/15/2019,11/15/2019,,,
SLF943,QUEST,309295461,14,,IJ-ACTTR-BLU-6PK,-,-,IJOY ACTIVITY TRACKER FOR KIDS - 6PK - COLOR BLUE,168,6,28,,,,3,5,11/15/2019,11/15/2019,,,
SLF943,QUEST,309295461,15,,IJ-ACTTR-MNT-24PK,-,-,IJOY ACTIVITY TRACKER FOR KIDS - 24PK - COLOR MINT,120,24,5,,,,3,5,11/15/2019,11/15/2019,,,
SLF943,QUEST,309295461,16,,IJ-ACTTR-PNK-24PK,-,-,IJOY ACTIVITY TRACKER FOR KIDS - 24PK - COLOR PINK,48,24,2,,,,3,5,11/15/2019,11/15/2019,,,
SLF943,QUEST,309295461,17,,IJ-ACTTR-PNK-6PK,-,-,IJOY ACTIVITY TRACKER FOR KIDS - 6PK - COLOR PINK,180,6,30,,,,3,5,11/15/2019,11/15/2019,,,
SLF943,QUEST,309295461,18,,IJ-BNQ-USA-ACD,-,-,ACADEMY- IJOY BIONIQ BT NECKBAND - PACKED 3/6 - COLOR BLACK/BLUE,114,6,19,,,,3,5,11/15/2019,11/15/2019,,,
SLF943,QUEST,309295461,19,,IJ-BTW66-MNT,-,-,INVENTORY- SPEAKER - PACKED 4/4,12,4,3,,,,3,5,11/15/2019,11/15/2019,,,
SLF943,QUEST,309295461,20,,IJCAC1002-PP,-,-,6FT 2-IN-1 COLORFUL CABLE PURPLE/WHITE PACKED 24,24,24,1,,,,3,5,11/15/2019,11/15/2019,,,
SLF943,QUEST,309295461,21,,IJHP1001-BKGL,INV,-,IJOY PRESLEY BT RETRO HEADPHONES - 24PACK - COLOR BLACK/ GOLD,12,6,2,,,,3,5,11/15/2019,11/15/2019,,,
SLF943,QUEST,309295461,22,,IJHP1001-BKSL,-,-,INVENTORY-IJOY PRESLEY BT RETRO HEADPHONES - 24 PACK - COLOR BLACK/SILVER,12,6,2,,,,3,2,11/15/2019,11/15/2019,,,
SLF943,QUEST,309295461,23,,IJOY-KDSH-BRS,-,-,IJOY KIDS SAFE HEADPHONES - 6PACK - COLOR BLACK GREY,36,6,6,,,,3,2,11/15/2019,11/15/2019,,,
SLF943,QUEST,309295461,24,,IJOY-KDSH-BLP,-,-,IJOY KIDS SAFE HEADPHONES - 6PACK - COLOR BLUE PURPLE,186,6,31,,,,3,2,11/15/2019,11/15/2019,,,
SLF943,QUEST,309295461,25,,IJOY-BEACH-B-IND,INV,24-Dec,INV-IJOY BEACH BOMB SPEAKERS-PACKED BY COLOR 12/24-COLOR INDIGO,24,24,1,,,,3,5,11/15/2019,11/15/2019,,,
SLF943,QUEST,309295461,26,,IJOY-BEACH-B-LEM,-,-,INVENTORY-IJOY BEACH BOMB BT SPEAKER - PACKED 24PK -COLOR LEMON,96,24,4,,,,3,5,11/15/2019,11/15/2019,,,
SLF943,QUEST,309295461,27,,IJOY-BEACH-B-MAR,INV,24-Dec,INV-IJOY BEACH BOMB SPEAKERS-PACKED BY COLOR 12/24-COLOR MARINE,24,24,1,,,,3,5,11/15/2019,11/15/2019,,,
SLF943,QUEST,309295461,28,,IJOY-BEACH-B-MNT,INV,24-Dec,INV-IJOY BEACH BOMB SPEAKERS-PACKED BY COLOR 12/24-COLOR MINT,24,24,1,,,,3,5,11/15/2019,11/15/2019,,,
SLF943,QUEST,309295461,29,,IJOY-BEACH-B-VLT,-,-,INVENTORY-IJOY BEACH BOMB BT SPEAKER - PACKED 6/24 -COLOR VIOLET,240,6,40,,,,3,5,11/15/2019,11/15/2019,,,
SLF943,QUEST,309295461,30,,IJ-SPW-BGRY-INV,-,-,INVENTORY-IJOY SPORTS WAVE EARBUDS - 6 PACK - COLOR GRAY BLACK,30,6,5,,,,3,5,11/15/2019,11/15/2019,,,
SLF943,QUEST,309295461,31,,IJ-SPW-SIL-INV,-,-,INVENTORY-IJOY SPORTS WAVE EARBUDS - 6 PACK - COLOR SILVER/WHITE,78,6,13,,,,3,5,11/15/2019,11/15/2019,,,
SLF943,QUEST,309295461,32,,IJ-YRY-01,-,-,IJOY VIRTUAL REALITY VR BOXES,168,12,14,,,,3,5,11/15/2019,11/15/2019,,,
SLF943,QUEST,309295461,33,,LGO-PRE-RED-AMZ,-,-,IJOY WIRELESS OVER EAR HEADSET 12/24,24,24,1,,,,3,5,11/15/2019,11/15/2019,,,
SLF943,QUEST,309295461,34,,LGO-NCB-RCK,-,-,IJOY LOGO NECK WIRELESS HEADPHONES,204,12,17,,,,3,2,11/15/2019,11/15/2019,,,
SLF943,QUEST,309295461,35,,MD-SPRK-PNK,-,-,MOONDAY SPARKLY HEADPHONES,600,24,25,,,,3,2,11/15/2019,11/15/2019,,,
SLF943,QUEST,309295461,36,,MN17-MN18 ASST 48PK,-,-,MONET WALLET ASSORTED PACKED 4/12 WHITE PACKAGE,288,48,6,,,,3,2,11/15/2019,11/15/2019,,,
SLF943,QUEST,309295461,37,,MN17-SLD-BLK-6/24,INV,-,INVENTORY-MONET WALLET WITH TPU STRAP - PACKED 6/24 - BLACK PACKAGE,912,24,38,,,,3,1,11/15/2019,11/15/2019,,,
SLF943,QUEST,309295461,38,,MN17-SLD-NE-OCBL,-,-,INV-MONET WALLET -PACKED 3/12- COLOR OCEAN BLUE. BLACK PACKAGING,1488,12,124,,,,3,1,11/15/2019,11/15/2019,,,
SLF943,QUEST,309295461,39,,MN17-SLD-PPL,-,-,INV-MONET WALLET -PACKED 6/24- WHITE PACKAGING,2352,24,98,,,,3,1,11/15/2019,11/15/2019,,,
SLF943,QUEST,309295461,40,,MN17-SLD-PST-PCH,-,-,INV-MONET WALLET -PACKED 6/24- WHITE PACKAGING,24,24,1,,,,3,1,11/15/2019,11/15/2019,,,
SLF943,QUEST,309295461,41,,MN17-SLD-PST-PK,-,24PK,INV-MONET WALLET -PACKED 6/24- WHITE PACKAGING,120,24,5,,,,3,1,11/15/2019,11/15/2019,,,
SLF943,QUEST,309295461,42,,MN17-SLD-PST-PK,-,12PK,INV-MONET WALLET -PACKED 4/12- WHITE PACKAGING,900,12,75,,,,3,1,11/15/2019,11/15/2019,,,
SLF943,QUEST,309295461,43,,MN17-SLD-RD,-,-,INV-MONET WALLET -PACKED 6/24- WHITE PACKAGING,192,24,8,,,,3,1,11/15/2019,11/15/2019,,,
SLF943,QUEST,309295461,44,,MN17-SLD-RD,-,50PK,INV-MONET WALLET -PACKED 50- WHITE PACKAGING,3250,50,65,,,,3,1,11/15/2019,11/15/2019,,,
SLF943,QUEST,309295461,45,,MN17-SLD-WHT,-,-,INV-MONET WALLET -PACKED 70 - WHITE PACKAGING,72,72,1,,,,3,1,11/15/2019,11/15/2019,,,
SLF943,QUEST,309295461,46,,MN18-BK4GR,-,-,INV-WALLET WITH TPU STRAP PACKED 6/36 WHITE PACKAGING,1260,36,35,,,,3,1,11/15/2019,11/15/2019,,,
SLF943,QUEST,309295461,47,,MN18-BK4PP,-,-,INV-WALLET WITH TPU STRAP PACKED 6/36 WHITE PACKAGING,36,36,1,,,,3,1,11/15/2019,11/15/2019,,,
SLF943,QUEST,309295461,48,,MN18-BK4PP,-,-,INV-WALLET WITH TPU STRAP PACKED 6/36 WHITE PACKAGING ,24,24,1,,,,3,1,11/15/2019,11/15/2019,,,
SLF943,QUEST,309295461,49,,MN18-HND-3,-,-,INV-WALLET WITH TPU STRAP PACKED 6/24 WHITE PACKAGING,360,24,15,,,,3,1,11/15/2019,11/15/2019,,,
SLF943,QUEST,309295461,50,,MN18-MET-SLV,-,50PK,INV-WALLET WITH TPU STRAP PACKED 50 WHITE PACKAGING,2000,50,40,,,,3,1,11/15/2019,11/15/2019,,,
SLF943,QUEST,309295461,51,,MN18-MET-SLV,-,36PK,INV-WALLET WITH TPU STRAP PACKED 6/36 WHITE PACKAGING,1872,36,52,,,,3,1,11/15/2019,11/15/2019,,,
SLF943,QUEST,309295461,52,,MN18-MRBL-43,-,50PK,INV-WALLET WITH TPU STRAP PACKED 50 WHITE PACKAGING,1600,50,32,,,,3,1,11/15/2019,11/15/2019,,,
SLF943,QUEST,309295461,53,,MN18-TXT-BLKTUFT,-,-,INV-MONET WALLET-PACKED 6/36 WHITE PACKAGING,1692,36,47,,,,3,1,11/15/2019,11/15/2019,,,
SLF943,QUEST,309295461,54,,MN18-TXT-CRMLTUFT,-,-,INV-MONET WALLET-PACKED 6/36 WHITE PACKAGING,756,36,21,,,,3,1,11/15/2019,11/15/2019,,,
SLF943,QUEST,309295461,55,,MN18-TXT-KSHMR,-,-,INV-MONET WALLET-PACKED 6/36 WHITE PACKAGING,36,36,1,,,,3,1,11/15/2019,11/15/2019,,,
SLF943,QUEST,309295461,56,,MN18-TXT-PNKGLT,-,-,INV-MONET WALLET-PACKED 50 WHITE PACKAGING,3050,50,61,,,,3,1,11/15/2019,11/15/2019,,,
SLF943,QUEST,309295461,57,,MN18-TXT-RSGLDGLT,-,50PK,INV-MONET WALLET-PACKED 50 WHITE PACKAGING,800,50,16,,,,3,1,11/15/2019,11/15/2019,,,
SLF943,QUEST,309295461,58,,MN18-TXT-RSGLDGLT,INV,Jun-36,INV-MONET WALLET -PACKED 6/36- COLOR ROSE GOLD GLITTER. WHITE PACKAGING,468,36,13,,,,3,1,11/15/2019,11/15/2019,,,
SLF943,QUEST,309295461,59,,MS18-FR-BK,-,-,INV-MONET WALLET-PACKED 6/36 WHITE PACKAGING,108,36,3,,,,3,1,11/15/2019,11/15/2019,,,
SLF943,QUEST,309295461,60,,MS18-ME-RD,-,-,INV-MONET WALLET-PACKED 6/36 WHITE PACKAGING,36,36,1,,,,3,1,11/15/2019,11/15/2019,,,
SLF943,QUEST,309295461,61,,MS18-ME-SR,-,-,INV-MONET WALLET-PACKED 6/36 WHITE PACKAGING,36,36,1,,,,3,1,11/15/2019,11/15/2019,,,
SLF943,QUEST,309295461,62,,MT-36-SPLATTER,-,-,INV-MONET WALLET-PACKED 6/36 WHITE PACKAGING,144,36,4,,,,3,1,11/15/2019,11/15/2019,,,
SLF943,QUEST,309295461,63,,MU17-STK-PKYL,-,-,SELFIE STICKER PINK YELLOW PACKED 24,48,24,2,,,,3,1,11/15/2019,11/15/2019,,,
SLF943,QUEST,309295461,64,,MU17-STKR-04-48PK,-,-,SELFIE STICKERS PACKED 48,48,48,1,,,,3,1,11/15/2019,11/15/2019,,,
SLF943,QUEST,309295461,65,,MU17-STKR-05,-,-,SELFIE STICKERS PACKED 24,24,24,1,,,,3,1,11/15/2019,11/15/2019,,,
SLF943,QUEST,309295461,66,,SP17-MONT-6,-,-,INV MINT PACKAGE SPINPOP PACKED 6/60,600,60,10,,,,3,1,11/15/2019,11/15/2019,,,
SLF943,QUEST,309295461,67,,SP17-MONT-8,-,-,INV RED PACKAGE SPINPOP PACKED 6/36,468,36,13,,,,3,1,11/15/2019,11/15/2019,,,
SLF943,QUEST,309295461,68,,SP17-MRBL-1,MEIJER,-,INV SPINPOP PACKED 12 MINT PACKAGING,732,12,61,,,,3,1,11/15/2019,11/15/2019,,,
SLF943,QUEST,309295461,69,,SP17-PTRN2-4,-,36PK,INV RED PACKAGE SPINPOP PACKED 6/36,36,36,1,,,,3,1,11/15/2019,11/15/2019,,,
SLF943,QUEST,309295461,70,,SP17-TRD2-2,-,-,INV MINT PACKAGE SPINPOP PACKED 10,600,10,60,,,,3,1,11/15/2019,11/15/2019,,,
SLF943,QUEST,309295461,71,,SP17-TRD2-3-NR-S,-,10K,STICKERED FOR NR USA. 6/60 BOX. SPINPOP MINT PKG,7190,10,719,,,,3,1,11/15/2019,11/15/2019,,,
SLF943,QUEST,309295461,72,,SP17-TRD2-3-NR-S,-,-,STICKERED FOR NR USA. 6BOX. SPINPOP RED PKG,120,6,20,,,,3,1,11/15/2019,11/15/2019,,,
SLF943,QUEST,309295461,73,,SP17-TRD2-3,-,-,INV RED PACKAGE SPINPOP. PACKED 6/60,240,60,4,,,,3,1,11/15/2019,11/15/2019,,,
SLF943,QUEST,309295461,74,,SP17-TRD4-5,-,-,INV RED PACKAGE SPINPOP PACKED 6/24,24,24,1,,,,3,1,11/15/2019,11/15/2019,,,
SLF943,QUEST,309295461,75,,SP17-TWN-4,-,-,INV RED PACKAGE SPINPOP PACKED 6/36,288,36,8,,,,3,1,11/15/2019,11/15/2019,,,
SLF943,QUEST,309295461,76,,SP17-VTG-2,-,-,INV MINT PACKAGE SPINPOP PACKED 29,29,29,1,,,,3,1,11/15/2019,11/15/2019,,,
SLF943,QUEST,309295461,77,,SP17-VTG2-7,-,-,INV MINT PACKAGE SPINPOP PACKED 50,100,50,2,,,,3,1,11/15/2019,11/15/2019,,,
SLF943,QUEST,309295461,78,,SP17-VTG2-4,MEIJER,-,INV MINT SPINPOP. PACKED 12,480,12,40,,,,3,1,11/15/2019,11/15/2019,,,
SLF943,QUEST,309295461,79,,SP18-CUST1-5,-,36PK,INV RED PACKAGE SPINPOP PACKED 6/36,180,36,5,,,,3,1,11/15/2019,11/15/2019,,,
SLF943,QUEST,309295461,80,,SP18-MIR-7,-,12PK,INV MINT SPINPOP. PACKED 12,3048,12,254,,,,3,1,11/15/2019,11/15/2019,,,
SLF943,QUEST,309295461,81,,SP18-MIR-7,-,10PK,INV MINT SPINPOP. PACKED 10,11000,10,1100,,,,3,1,11/15/2019,11/15/2019,,,
SLF943,QUEST,309295461,82,,SP18-MRBL-4,-,-,INV MINT PACKAGE SPINPOP PACKED 6/60,3360,60,56,,,,3,1,11/15/2019,11/15/2019,,,
SLF943,QUEST,309295461,83,,SP18-MIX2-6,MEIJER,-,INV MINT PACKAGE SPINPOP PACKED 12,1620,12,135,,,,3,1,11/15/2019,11/15/2019,,,
SLF943,QUEST,309295461,84,,SP18-MRBL-6,-,-,INV MINT PACKAGE SPINPOP PACKED 6/60,60,60,1,,,,3,1,11/15/2019,11/15/2019,,,
SLF943,QUEST,309295461,85,,SP18-WMDCWOW-10-50PK,-,-,SPINPOP LLAMA RED PACKAGE,950,50,19,,,,3,1,11/15/2019,11/15/2019,,,
SLF943,QUEST,309295461,86,,WM-18-SPC,WMT,-,WMT SPINPOP PHONE HOLDER - 18PC RED PACKAGE,2394,18,133,,,,3,1,11/15/2019,11/15/2019,,,
SLF943,QUEST,309295461,87,,WM-48-JUNIOR,WMT,-,WM 48 MSTR JUNIOR - PACKED 48 SP ASST FOR WMT RED PACKAGE,1680,48,35,,,,3,1,11/15/2019,11/15/2019,,,
SLF943,QUEST,309295461,88,,WM-48-MAG,WMT,-,WM 48 MSTR MAG - PACKED 48 SP ASST FOR WMT RED PACKAGE,576,48,12,,,,3,1,11/15/2019,11/15/2019,,,
SLF943,QUEST,309295461,89,,WM-48-MEN,WMT,-,WM 48 MSTR MEN - PACKED 48 SP ASST FOR WMT RED PACKAGE,1008,48,21,,,,3,1,11/15/2019,11/15/2019,,,
SLF943,QUEST,309295461,90,,WM-48-MET,WMT,-,WM 48 SPINPOP RED PACKAGE,240,48,5,,,,3,1,11/15/2019,11/15/2019,,,
SLF943,QUEST,309295461,91,,WM-48-MIR,WMT,-,WM 48 MSTR MIRROR - PACKED 48 SP ASST FOR WMT RED PACKAGE,2496,48,52,,,,3,1,11/15/2019,11/15/2019,,,
SLF943,QUEST,309295461,92,,WM-48-MISSES,WMT,-,WM 48 MSTR MISSES - PACKED 48 SP ASST FOR WMT RED PACKAGE,1056,48,22,,,,3,1,11/15/2019,11/15/2019,,,
SLF943,QUEST,309295461,93,,WMT-36-BLUE MARBLE,WMT,-,WM 36 SPINPOP RED PACKAGE,36,36,1,,,,3,1,11/15/2019,11/15/2019,,,
SLF943,QUEST,309295461,94,,WMT-36-BLUE-GLITTER,WMT,-,WM 36 SPINPOP RED PACKAGE,288,36,8,,,,3,1,11/15/2019,11/15/2019,,,
SLF943,QUEST,309295461,95,,WMT-36-LIVE LONG,WMT,-,WM 36 SPINPOP RED PACKAGE,36,36,1,,,,3,1,11/15/2019,11/15/2019,,,
SLF943,QUEST,309295461,96,,WMT-36-LIVE LONG,WMT,-,WM 36 SPINPOP RED PACKAGE,18,18,1,,,,3,1,11/15/2019,11/15/2019,,,
SLF943,QUEST,309295461,97,,WMT-36-LLAMA,-,-,SPINPOP LLAMA MINT PACKAGE RED PACKAGE,108,36,3,,,,3,1,11/15/2019,11/15/2019,,,
SLF943,QUEST,309295461,98,,WMT-36PC-RDHRT,WMT,-,WM 36 SPINPOP RED PACKAGE,180,36,5,,,,3,1,11/15/2019,11/15/2019,,,
SLF943,QUEST,309295461,99,,WMT-36PC-WHSNT,WMT,-,WM 36 SPINPOP RED PACKAGE,18,18,1,,,,3,1,11/15/2019,11/15/2019,,,
SLF943,QUEST,309295461,100,,WMT-36-PINEAPPLE,WMT,-,WMT 36PC SP AUG WOW - PINEAPPLE RED PACKAGE,216,36,6,,,,3,1,11/15/2019,11/15/2019,,,
SLF943,QUEST,309295461,101,,WMT-36-PINEAPPLE,WMT,-,WMT 36PC SP AUG WOW - PINEAPPLE RED PACKAGE,12,6,2,,,,3,1,11/15/2019,11/15/2019,,,
SLF943,QUEST,309295461,102,,WMT-36-RED GEM,WMT,-,WM 36 SPINPOP RED PACKAGE,72,36,2,,,,3,1,11/15/2019,11/15/2019,,,
SLF943,QUEST,309295461,103,,WMT-36-SPLATTER,WMT,-,WM 36 SPINPOP RED PACKAGE,18,18,1,,,,3,1,11/15/2019,11/15/2019,,,
SLF943,QUEST,309295461,104,,SP17-TRD2-3,MEIJER,-,MINT SPINPOP. PACKED 6/60,852,12,71,,,,3,1,11/15/2019,11/15/2019,,,
SLF943,QUEST,309295461,105,,SP18-MRBL-1,-,-,INV MINT PACKAGE SPINPOP PACKED 10,820,10,82,,,,3,1,11/15/2019,11/15/2019,,,
SLF943,QUEST,309295461,106,,SP18-TXT3-3,-,10PK,INV MINT PACKAGE SPINPOP PACKED 10,20,10,2,,,,3,1,11/15/2019,11/15/2019,,,
SLF943,QUEST,309295461,107,,SP18-TXT3-3,-,6PK,INV MINT PACKAGE SPINPOP PACKED 6/60,36,6,6,,,,3,1,11/15/2019,11/15/2019,,,
SLF943,QUEST,309295461,108,,SP17-MRBL-7,-,-,INV MINT PACKAGE SPINPOP PACKED 10,1930,10,193,,,,3,1,11/15/2019,11/15/2019,,,
SLF943,QUEST,309295461,109,,SP17-TRD-1,-,-,INV MINT PACKAGE SPINPOP PACKED 6/24,816,24,34,,,,3,1,11/15/2019,11/15/2019,,,
SLF943,QUEST,309295461,110,,SP17-TRD4-5,-,-,INV MINT PACKAGE SPINPOP PACKED 6/24,768,24,32,,,,3,1,11/15/2019,11/15/2019,,,
SLF943,QUEST,309295461,111,,WM-18-SPC,WMT,-,WMT SPINPOP PHONE HOLDER - 18PC RED PACKAGE,486,18,27,,,,3,1,11/15/2019,11/15/2019,,,
SLF943,QUEST,309295461,112,,MN17-SLD-NE-OCBL,-,-,INV-MONET WALLET -PACKED 4/12- COLOR OCEAN BLUE. BLACK PACKAGING,480,12,40,,,,3,1,11/15/2019,11/15/2019,,,
SLF943,QUEST,309295461,113,,WM228-ASST,-,-,WM 228 SPINPOP RED PACKAGE,1368,228,6,,,,3,1,11/15/2019,11/15/2019,,,
SLF943,QUEST,309295461,114,,WM-48-MIR,WMT,-,WM 48 MSTR MIRROR - PACKED 48 SP ASST FOR WMT RED PACKAGE,144,48,3,,,,3,1,11/15/2019,11/15/2019,,,
SLF943,QUEST,309295461,115,,SP17-21AN-7,-,-,INV MINT PACKAGE SPINPOP PACKED 24,528,24,22,,,,3,1,11/15/2019,11/15/2019,,,
SLF943,QUEST,309295461,116,,SP18AU-MRBL-1,-,6PK,INV MINT PACKAGE SPINPOP PACKED 6,60,6,10,,,,3,1,11/15/2019,11/15/2019,,,
SLF943,QUEST,309295461,117,,SP18AU-HNCMB-BK,-,-,Universal Phone Holders- PACKED 6 MINT PACKAGE,60,6,10,,,,3,1,11/15/2019,11/15/2019,,,
SLF943,QUEST,309295461,118,,SP18AU-SHM-MBL,-,-,Universal Phone Holders- PACKED 6 MINT PACKAGE,48,6,8,,,,3,1,11/15/2019,11/15/2019,,,
SLF943,QUEST,309295461,119,,SP18AU-CUST2-5,-,-,Universal Phone Holders- PACKED 6 MINT PACKAGE,66,6,11,,,,3,1,11/15/2019,11/15/2019,,,
SLF943,QUEST,309295461,120,,SP18-MIR-6-50PK,-,-,INV MINT SPINPOP. PACKED 50,100,50,2,,,,3,1,11/15/2019,11/15/2019,,,
SLF943,QUEST,309295461,121,,MU17-STK-PPPK,-,-,SELFIE STICKER PURPLE PINK PACKED 24,888,24,37,,,,3,1,11/15/2019,11/15/2019,,,
SLF943,QUEST,309295461,122,,IJOY-BEACHB-24CVS,-,-,IJOY BCH-BOMB WRLSS SPKR -CVS ITEM # 242992 -24/BOX NEEDS CVS CTN LBL,48,24,2,,,,3,5,11/15/2019,11/15/2019,,,
SLF943,QUEST,309295461,123,,BAB-KIDW-PINK/POBL,-,-,,144,12,12,,,,3,1,11/15/2019,11/15/2019,,,
SLF943,QUEST,309295461,124,,MN18-TXT-RSGLDGLT,-,-,INV-MONET WALLET -PACKED 6/36- COLOR ROSE GOLD GLITTER. WHITE PACKAGING,252,36,7,,,,3,1,11/15/2019,11/15/2019,,,
SLF943,QUEST,309295461,125,,IJ-BTS36-MLK,-,-,IJOY SOUL 360 PORTABLE SPEAKER,312,24,13,,,,3,1,11/15/2019,11/15/2019,,,
SLF943,QUEST,309295461,126,,IJ-ACTTR-RED-24PK,-,-,INVENTORY-IJOY ACTIVITY TRACKER FOR KIDS - 24PK - COLOR RED,144,24,6,,,,3,3,11/15/2019,11/15/2019,,,
SLF943,QUEST,309295461,127,,IJ-ACTTR-MNT-24PK,-,-,IJOY ACTIVITY TRACKER FOR KIDS - 24PK - COLOR MINT,96,24,4,,,,3,3,11/15/2019,11/15/2019,,,
